code,distillery,region,status,founded,closed,wikipedia,wikidata,confidence,last_verified
1,Glenfarclas,Speyside,operational,1836,,https://en.wikipedia.org/wiki/Glenfarclas_distillery,Q652203,confirmed,2026-08-16
2,Glenlivet,Speyside,operational,,,,Q17826862,unconfirmed,2026-08-16
3,Bowmore,Islay,operational,1779,,https://en.wikipedia.org/wiki/Bowmore_distillery,Q51905,confirmed,2026-08-16
4,Highland Park,Islands,operational,1788,,https://en.wikipedia.org/wiki/Highland_Park_distillery,Q982844,confirmed,2026-08-16
5,Auchentoshan,Lowland,operational,1823,,https://en.wikipedia.org/wiki/Auchentoshan_distillery,Q758604,confirmed,2026-08-16
6,Macduff,Highland,,,,,,,2026-08-16
7,Longmorn,Speyside,,,,,,,2026-08-16
8,Tamdhu,Speyside,,,,,,,2026-08-16
9,Glen Grant,Speyside,,,,,,,2026-08-16
10,Bunnahabhain,Islay,,,,,,,2026-08-16
11,Tomatin,Highland,,,,,,,2026-08-16
12,BenRiach,Speyside,,,,,,,2026-08-16
13,Dalmore,Highland,,,,,,,2026-08-16
14,Talisker,Islands,,,,,,,2026-08-16
15,Glenfiddich,Speyside,,,,,,,2026-08-16
16,Glenturret,Highland,,,,,,,2026-08-16
17,Scapa,Islands,,,,,,,2026-08-16
18,Inchgower,Speyside,,,,,,,2026-08-16
19,Glen Garioch,Highland,,,,,,,2026-08-16
20,Inverleven,Lowland,,,,,,,2026-08-16
21,Glenglassaugh,Highland,,,,,,,2026-08-16
22,Glenkinchie,Lowland,,,,,,,2026-08-16
23,Bruichladdich,Islay,,,,,,,2026-08-16
24,Macallan,Speyside,,,,,,,2026-08-16
25,Rosebank,Lowland,,,,,,,2026-08-16
26,Clynelish,Highland,,,,,,,2026-08-16
27,Springbank,Campbeltown,,,,,,,2026-08-16
28,Tullibardine,Highland,,,,,,,2026-08-16
29,Laphroaig,Islay,,,,,,,2026-08-16
30,Glenrothes,Speyside,,,,,,,2026-08-16
31,Isle of Jura,Islands,,,,,,,2026-08-16
32,Edradour,Highland,operational,1825,,https://en.wikipedia.org/wiki/Edradour_distillery,Q982705,confirmed,2026-08-16
33,Ardbeg,Islay,operational,1794,,https://en.wikipedia.org/wiki/Ardbeg_distillery,Q274,confirmed,2026-08-16
34,Tamnavulin,Speyside,operational,1966,,https://en.wikipedia.org/wiki/Tamnavulin_distillery,Q1474840,confirmed,2026-08-16
35,Glen Moray,Speyside,operational,1897,,https://en.wikipedia.org/wiki/Glen_Moray_distillery,Q982841,unconfirmed,2026-08-16
36,Benrinnes,Speyside,operational,1835,,https://en.wikipedia.org/wiki/Benrinnes_distillery,Q818145,confirmed,2026-08-16
37,Cragganmore,Speyside,,,,,,,2026-08-16
38,Caperdonich,Speyside,,,,,,,2026-08-16
39,Linkwood,Speyside,,,,,,,2026-08-16
40,Balvenie,Speyside,,,,,,,2026-08-16
41,Dailuaine,Speyside,,,,,,,2026-08-16
42,Tobermory,Islands,,,,,,,2026-08-16
43,Port Ellen,Islay,,,,,,,2026-08-16
44,Craigellachie,Speyside,,,,,,,2026-08-16
45,Dallas Dhu,Speyside,,,,,,,2026-08-16
46,Glenlossie,Speyside,,,,,,,2026-08-16
47,Benromach,Speyside,,,,,,,2026-08-16
48,Balmenach,Speyside,,,,,,,2026-08-16
49,St. Magdalene,Lowland,,,,,,,2026-08-16
50,Bladnoch,Lowland,,,,,,,2026-08-16
51,Bushmills,Northern Ireland,,,,,,,2026-08-16
52,Old Pulteney,Highland,,,,,,,2026-08-16
53,Caol Ila,Islay,,,,,,,2026-08-16
54,Aberlour,Speyside,,,,,,,2026-08-16
55,Royal Brackla,Highland,,,,,,,2026-08-16
56,Coleburn,Speyside,,,,,,,2026-08-16
57,Glen Mhor,Highland,,,,,,,2026-08-16
58,Strathisla,Speyside,,,,,,,2026-08-16
59,Teaninich,Highland,,,,,,,2026-08-16
60,Aberfeldy,Highland,,,,,,,2026-08-16
61,Brora,Highland,,,,,,,2026-08-16
62,Glenlochy,Highland,,,,,,,2026-08-16
63,Glentauchers,Speyside,,,,,,,2026-08-16
64,Mannochmore,Speyside,,,,,,,2026-08-16
65,Imperial,Speyside,,,,,,,2026-08-16
66,Ardmore,Highland,,,,,,,2026-08-16
67,Banff,Speyside,,,,,,,2026-08-16
68,Blair Athol,Highland,,,,,,,2026-08-16
69,Glen Albyn,Highland,,,,,,,2026-08-16
70,Balblair,Highland,,,,,,,2026-08-16
71,Glenburgie,Speyside,,,,,,,2026-08-16
72,Miltonduff,Speyside,,,,,,,2026-08-16
73,Aultmore,Speyside,,,,,,,2026-08-16
74,North Port,Highland,,,,,,,2026-08-16
75,Glenury / Glenury Royal,Highland,,,,,,,2026-08-16
76,Mortlach,Speyside,,,,,,,2026-08-16
77,Glen Ord,Highland,,,,,,,2026-08-16
78,Ben Nevis,Highland,,,,,,,2026-08-16
79,Deanston,Highland,,,,,,,2026-08-16
80,Glen Spey,Speyside,,,,,,,2026-08-16
81,Glen Keith,Speyside,,,,,,,2026-08-16
82,Glencadam,Highland,,,,,,,2026-08-16
83,Convalmore,Speyside,,,,,,,2026-08-16
84,Glendullan,Speyside,,,,,,,2026-08-16
85,Glen Elgin,Speyside,,,,,,,2026-08-16
86,Glenesk,Highland,,,,,,,2026-08-16
87,Millburn,Highland,,,,,,,2026-08-16
88,Speyburn,Speyside,,,,,,,2026-08-16
89,Tomintoul,Speyside,,,,,,,2026-08-16
90,Pittyvaich,Speyside,,,,,,,2026-08-16
91,Dufftown,Speyside,,,,,,,2026-08-16
92,Lochside,Highland,,,,,,,2026-08-16
93,Glen Scotia,Campbeltown,,,,,,,2026-08-16
94,Fettercairn,Highland,,,,,,,2026-08-16
95,Auchroisk,Speyside,,,,,,,2026-08-16
96,GlenDronach,Highland,,,,,,,2026-08-16
97,Littlemill,Lowland,,,,,,,2026-08-16
98,Inverleven,Lowland,,,,,,,2026-08-16
99,Glenugie,Highland,,,,,,,2026-08-16
100,Strathmill,Speyside,,,,,,,2026-08-16
101,Knockando,Speyside,,,,,,,2026-08-16
102,Dalwhinnie,Highland,,,,,,,2026-08-16
103,Royal Lochnagar,Highland,,,,,,,2026-08-16
104,Glenburgie (Glencraig),Speyside,,,,,,,2026-08-16
105,Tormore,Speyside,,,,,,,2026-08-16
106,Cardhu,Speyside,,,,,,,2026-08-16
107,Glenallachie,Speyside,,,,,,,2026-08-16
108,Allt-a-Bhainne,Speyside,,,,,,,2026-08-16
109,Miltonduff (Mosstowie),Speyside,,,,,,,2026-08-16
110,Oban,Highland,,,,,,,2026-08-16
111,Lagavulin,Islay,,,,,,,2026-08-16
112,Loch Lomond (Inchmurrin / Inchmoan),Highland,,,,,,,2026-08-16
113,Braeval (Braes of Glenlivet),Speyside,,,,,,,2026-08-16
114,Springbank (Longrow),Campbeltown,,,,,,,2026-08-16
115,Knockdhu (AnCnoc),Speyside,,,,,,,2026-08-16
116,Yoichi,Japan,,,,,,,2026-08-16
117,Cooley (Unpeated),Ireland,,,,,,,2026-08-16
118,Cooley / Connemara (Peated),Ireland,,,,,,,2026-08-16
119,Yamazaki,Japan,,,,,,,2026-08-16
120,Hakushu,Japan,,,,,,,2026-08-16
121,Isle of Arran,Islands,,,,,,,2026-08-16
122,Loch Lomond (Croftengea),Highland,,,,,,,2026-08-16
123,Glengoyne,Highland,,,,,,,2026-08-16
124,Miyagikyo,Japan,,,,,,,2026-08-16
125,Glenmorangie,Highland,,,,,,,2026-08-16
126,Springbank (Hazelburn),Campbeltown,,,,,,,2026-08-16
127,Bruichladdich (Port Charlotte),Islay,,,,,,,2026-08-16
128,Penderyn,Wales,,,,,,,2026-08-16
129,Kilchoman,Islay,,,,,,,2026-08-16
130,Chichibu,Japan,,,,,,,2026-08-16
131,Hanyu,Japan,,,,,,,2026-08-16
132,Karuizawa,Japan,,,,,,,2026-08-16
133,Westland,"Washington, USA",,,,,,,2026-08-16
134,Paul John,India,,,,,,,2026-08-16
135,Loch Lomond,Highland,,,,,,,2026-08-16
136,Eden Mill,Lowland,,,,,,,2026-08-16
137,St. George’s (The English Whisky Co.),England,,,,,,,2026-08-16
138,Nantou,Taiwan,,,,,,,2026-08-16
139,Kavalan,Taiwan,,,,,,,2026-08-16
140,Balcones,"Texas, USA",,,,,,,2026-08-16
141,Fary Lochan,Denmark,,,,,,,2026-08-16
142,Breuckelen Distilling,"New York, USA",,,,,,,2026-08-16
143,Copperworks Distilling Co.,"Washington, USA",,,,,,,2026-08-16
144,High Coast Distillery,Sweden,,,,,,,2026-08-16
145,Smögen Whisky,Sweden,,,,,,,2026-08-16
146,Cotswolds,England,,,,,,,2026-08-16
147,Archie Rose,Australia,,,,,,,2026-08-16
148,Starward,Australia,,,,,,,2026-08-16
149,Ardnamurchan,Highland,,,,,,,2026-08-16
150,West Cork Distillers,Ireland,,,,,,,2026-08-16
151,Mackmyra,Sweden,,,,,,,2026-08-16
152,Shelter Point,Canada,,,,,,,2026-08-16
153,Thy Whisky,Denmark,,,,,,,2026-08-16
154,Mosgaard Whisky,Denmark,,,,,,,2026-08-16
155,Milk & Honey Distillery,Israel,,,,,,,2026-08-16
156,Glasgow Distillery,Lowland,,,,,,,2026-08-16
157,Distillerie de Warenghem,France,,,,,,,2026-08-16
158,Yuza Distillery,Japan,,,,,,,2026-08-16
159,Mars Shinshu,Japan,,,,,,,2026-08-16
160,Mars Tsunuki,Japan,,,,,,,2026-08-16
161,Nc'nean Distillery,Scotland,,,,,,,2026-08-16
162,Isle of Raasay,Scotland,,,,,,,2026-08-16
163,Isle of Harris Distillery,Scotland,,,,,,,2026-08-16
164,Penderyn (double distilled),Wales,,,,,,,2026-08-16
165,Wolfburn (peated),Scotland,,,,,,,2026-08-16
166,Torabhaig Distillery,Scotland,,,,,,,2026-08-16
167,Clydeside Distillery,Scotland,,,,,,,2026-08-16
168,InchDairnie Distillery (KinGlassie),Scotland,,,,,,,2026-08-16
A1,Chateau de Lacaze,France,,,,,,,2026-08-16
A2,Domaine Laguille,France,,,,,,,2026-08-16
A3,J. Goudoulin (Veuve Goudoulin),France,,,,,,,2026-08-16
A4,Domaine d’Espérance,France,,,,,,,2026-08-16
A5,Chateau de Laubade,France,,,,,,,2026-08-16
A6,Domaine Lasalle,France,,,,,,,2026-08-16
A7,Domaine Lasalle,France,,,,,,,2026-08-16
A8,Domaine de Cavaillon,France,,,,,,,2026-08-16
A9,Domaine de Saurine,France,,,,,,,2026-08-16
B1,Heaven Hill,"Kentucky, USA",,,,,,,2026-08-16
B2,New Bernheim,"Kentucky, USA",,,,,,,2026-08-16
B3,Rock Town,"Arkansas, USA",,,,,,,2026-08-16
B4,FEW Spirits,"Illinois, USA",,,,,,,2026-08-16
B5,George Dickel (Cascade Hollow),"Tennessee, USA",,,,,,,2026-08-16
B6,Finger Lakes Distilling,"New York, USA",,,,,,,2026-08-16
B7,MGP (Midwest Grain Products),"Indiana, USA",,,,,,,2026-08-16
B8,Woodinville Whiskey Co.,"Washington, USA",,,,,,,2026-08-16
B9,Wilderness Trail Distillery,"Kentucky, USA",,,,,,,2026-08-16
C1,Camus,France,,,,,,,2026-08-16
C2,Domaine de Chez Guérive,France,,,,,,,2026-08-16
C3,Louis Royer,France,,,,,,,2026-08-16
C4,Distillery D’Aumagne,France,,,,,,,2026-08-16
C5,Tiffon Cognac,France,,,,,,,2026-08-16
C6,M & H Bonneau,France,,,,,,,2026-08-16
C7,Guy Rateau,France,,,,,,,2026-08-16
C8,Marie C. Bodit,France,,,,,,,2026-08-16
C9,Robert Audebeau,France,,,,,,,2026-08-16
CW1,Heaven Hill Distillery,"Kentucky, USA",,,,,,,2026-08-16
CW2,Balcones,"Texas, USA",,,,,,,2026-08-16
G1,North British,Lowland,,,,,,,2026-08-16
G2,Carsebridge,Lowland,,,,,,,2026-08-16
G3,Caledonian,Lowland,,,,,,,2026-08-16
G4,Cameronbridge,Lowland,,,,,,,2026-08-16
G5,Invergordon,Highland,,,,,,,2026-08-16
G6,Port Dundas,Lowland,,,,,,,2026-08-16
G7,Girvan,Lowland,,,,,,,2026-08-16
G8,Cambus,Lowland,,,,,,,2026-08-16
G9,Loch Lomond,Highland,,,,,,,2026-08-16
G10,Strathclyde,Lowland,,,,,,,2026-08-16
G11,Nikka Coffey Grain,Japan,,,,,,,2026-08-16
G12,Nikka Coffey Malt,Japan,,,,,,,2026-08-16
G13,Chita,Japan,,,,,,,2026-08-16
G14,Dumbarton,Lowland,,,,,,,2026-08-16
G15,Loch Lomond (Rhosdhu),Highland,,,,,,,2026-08-16
G16,Glasgow Distillery,Lowland,,,,,,,2026-08-16
G17,Starlaw,Lowland,,,,,,,2026-08-16
GN1,Glasgow Distillery Company,Scotland,,,,,,,2026-08-16
GN2,Strathearn Distillers,Scotland,,,,,,,2026-08-16
GN3,The Borders Distillery,Scotland,,,,,,,2026-08-16
GN4,Boatyard Distillery,Northern Ireland,,,,,,,2026-08-16
GN5,Glenrinnes,Scotland,,,,,,,2026-08-16
GN6,Holyrood Distillery,"Edinburgh, Scotland",,,,,,,2026-08-16
GN7,Cotswolds,England,,,,,,,2026-08-16
R1,Monymusk,Jamaica,,,,,,,2026-08-16
R2,Demerara Distillers (El Dorado),Guyana,,,,,,,2026-08-16
R3,West Indies Rum,Barbados,,,,,Q118065928,unconfirmed,2026-08-16
R4,Trinidad Distillers (Angostura),Trinidad,,,,,,,2026-08-16
R5,Long Pond,Jamaica,,,,,,,2026-08-16
R6,Foursquare,Barbados,,,,,,,2026-08-16
R7,Hampden,Jamaica,,,,,,,2026-08-16
R8,Compañía Licorera de Nicaragua (Flor de Caña),Nicaragua,,,,,,,2026-08-16
R9,Varela Hermanos (Ron Abuelo),Panama,,,,,,,2026-08-16
R10,Trinidad Distiller’s,Trinidad,,,,,,,2026-08-16
R11,Worthy Park,Jamaica,,,,,,,2026-08-16
R12,Travellers,Belize,,,,,,,2026-08-16
R13,Caroni,Trinidad,,,,,,,2026-08-16
R14,Uitvlugt,Guyana,,,,,,,2026-08-16
RW1,FEW Spirits,"Illinois, USA",,,,,,,2026-08-16
RW2,Finger Lakes Distilling,"New York, USA",,,,,,,2026-08-16
RW3,New York Distilling Co.,"New York, USA",,,,,,,2026-08-16
RW4,Peerless Distillery,"Kentucky, USA",,,,,,,2026-08-16
RW5,MGP,"Indiana, USA",,,,,Q6504799,unconfirmed,2026-08-16
RW6,Kyrö Distillery,Finland,,,,,,,2026-08-16
RW7,Journeyman Distillery,"Michigan, USA",,,,,,,2026-08-16
RW8,Catoctin Creek Distilling Co.,"Virginia, USA",,,,,,,2026-08-16
RW9,Wilderness Trail Distillery,"Kentucky, USA",,,,,,,2026-08-16
